; 曲線半径; 曲率:,-400,-0.0025,
; カント; バンク:,-76,-0.071227741,
;;;;;;;;;;;;;;;;;;;;;;;;;;;;;;;;;;;;,,,
; 枕木,,,
CreateMeshBuilder,,,
AddVertex,-1.15,-0.211666354,0
AddVertex,-1.025,-0.211666354,5
AddVertex,-0.9625,-0.211666354,10
AddVertex,-0.9625,-0.211666354,15
AddVertex,-1.025,-0.211666354,20
AddVertex,-1.15,-0.211666354,25
AddVertex,1.25,-0.076333646,0
AddVertex,1.375,-0.076333646,5
AddVertex,1.4375,-0.076333646,10
AddVertex,1.4375,-0.076333646,15
AddVertex,1.375,-0.076333646,20
AddVertex,1.25,-0.076333646,25,
AddFace,0,1,7,6
AddFace,1,2,8,7
AddFace,2,3,9,8
AddFace,3,4,10,9
AddFace,4,5,11,10
SetColor,40,40,40,
GenerateNormals,,,,
LoadTexture,Tie4.bmp,,,
SetTextureCoordinates,0,0,9.5,
SetTextureCoordinates,1,0,7.6,
SetTextureCoordinates,2,0,5.7,
SetTextureCoordinates,3,0,3.8,
SetTextureCoordinates,4,0,1.9,
SetTextureCoordinates,5,0,0,
SetTextureCoordinates,6,1,9.5,
SetTextureCoordinates,7,1,7.6
SetTextureCoordinates,8,1,5.7
SetTextureCoordinates,9,1,3.8
SetTextureCoordinates,10,1,1.9
SetTextureCoordinates,11,1,0
;左バラスト,,,
CreateMeshBuilder,,,
AddVertex,-0.95,-0.211666354,0
AddVertex,-0.825,-0.211666354,5
AddVertex,-0.7625,-0.211666354,10
AddVertex,-0.7625,-0.211666354,15
AddVertex,-0.825,-0.211666354,20
AddVertex,-0.95,-0.211666354,25
AddVertex,-2.5,-0.45,0
AddVertex,-2.5,-0.45,5
AddVertex,-2.5,-0.45,10
AddVertex,-2.5,-0.45,15,
AddVertex,-2.5,-0.45,20,
AddVertex,-2.5,-0.45,25,
AddFace,0,6,7,1
AddFace,1,7,8,2
AddFace,2,8,9,3
AddFace,3,9,10,4
AddFace,4,10,11,5
SetColor,40,40,40,
GenerateNormals,,,,
LoadTexture,Ballast.bmp,,,
SetTextureCoordinates,0,1,1,
SetTextureCoordinates,1,1,0.8,
SetTextureCoordinates,2,1,0.6,
SetTextureCoordinates,3,1,0.4,
SetTextureCoordinates,4,1,0.2,
SetTextureCoordinates,5,1,0
SetTextureCoordinates,6,0,1
SetTextureCoordinates,7,0,0.8
SetTextureCoordinates,8,0,0.6
SetTextureCoordinates,9,0,0.4
SetTextureCoordinates,10,0,0.2
SetTextureCoordinates,11,0,0
;右バラスト,,,
CreateMeshBuilder,,,
AddVertex,0.95,-0.076333646,0
AddVertex,1.075,-0.076333646,5
AddVertex,1.1375,-0.076333646,10
AddVertex,1.1375,-0.076333646,15
AddVertex,1.075,-0.076333646,20
AddVertex,0.95,-0.076333646,25
AddVertex,2.5,-0.45,0
AddVertex,2.5,-0.45,5,
AddVertex,2.5,-0.45,10,
AddVertex,2.5,-0.45,15,
AddVertex,2.5,-0.45,20,
AddVertex,2.5,-0.45,25,
AddFace,0,1,7,6
AddFace,1,2,8,7
AddFace,2,3,9,8
AddFace,3,4,10,9
AddFace,4,5,11,10
SetColor,40,40,40,
GenerateNormals,,,,
LoadTexture,Ballast.bmp,,,
SetTextureCoordinates,0,1,1,
SetTextureCoordinates,1,1,0.8,
SetTextureCoordinates,2,1,0.6,
SetTextureCoordinates,3,1,0.4
SetTextureCoordinates,4,1,0.2
SetTextureCoordinates,5,1,0
SetTextureCoordinates,6,0,1
SetTextureCoordinates,7,0,0.8
SetTextureCoordinates,8,0,0.6
SetTextureCoordinates,9,0,0.4
SetTextureCoordinates,10,0,0.2
SetTextureCoordinates,11,0,0
;左レ?ル,,,
CreateMeshBuilder,,,
AddVertex,-0.702,-0.1868791,0
AddVertex,-0.577,-0.1868791,5
AddVertex,-0.5145,-0.1868791,10
AddVertex,-0.5145,-0.1868791,15
AddVertex,-0.577,-0.1868791,20
AddVertex,-0.702,-0.1868791,25
AddVertex,-0.702,-0.0428791,0
AddVertex,-0.577,-0.0428791,5
AddVertex,-0.5145,-0.0428791,10
AddVertex,-0.5145,-0.0428791,15
AddVertex,-0.577,-0.0428791,20
AddVertex,-0.702,-0.0428791,25
AddVertex,-0.634,-0.038035614,0
AddVertex,-0.509,-0.038035614,5
AddVertex,-0.4465,-0.038035614,10
AddVertex,-0.4465,-0.038035614,15
AddVertex,-0.509,-0.038035614,20
AddVertex,-0.634,-0.038035614,25
AddVertex,-0.634,-0.182035614,0
AddVertex,-0.509,-0.182035614,5
AddVertex,-0.4465,-0.182035614,10
AddVertex,-0.4465,-0.182035614,15,
AddVertex,-0.509,-0.182035614,20,
AddVertex,-0.634,-0.182035614,25,
AddFace,0,1,7,6
AddFace,1,2,8,7
AddFace,2,3,9,8
AddFace,3,4,10,9
AddFace,4,5,11,10
AddFace,6,7,13,12
AddFace,7,8,14,13
AddFace,8,9,15,14
AddFace,9,10,16,15
AddFace,10,11,17,16
AddFace,12,13,19,18
AddFace,13,14,20,19
AddFace,14,15,21,20
AddFace,15,16,22,21
AddFace,16,17,23,22
SetColor,40,40,40,
GenerateNormals,,,,
LoadTexture,Rail2.bmp,,,
SetTextureCoordinates,0,0,1,
SetTextureCoordinates,1,0,0.8,
SetTextureCoordinates,2,0,0.6,
SetTextureCoordinates,3,0,0.4,
SetTextureCoordinates,4,0,0.2,
SetTextureCoordinates,5,0,0,
SetTextureCoordinates,6,0.375,1,
SetTextureCoordinates,7,0.375,0.8,
SetTextureCoordinates,8,0.375,0.6,
SetTextureCoordinates,9,0.375,0.4,
SetTextureCoordinates,10,0.375,0.2,
SetTextureCoordinates,11,0.375,0
SetTextureCoordinates,12,0.625,1
SetTextureCoordinates,13,0.625,0.8
SetTextureCoordinates,14,0.625,0.6
SetTextureCoordinates,15,0.625,0.4
SetTextureCoordinates,16,0.625,0.2
SetTextureCoordinates,17,0.625,0
SetTextureCoordinates,18,1,1
SetTextureCoordinates,19,1,0.8
SetTextureCoordinates,20,1,0.6
SetTextureCoordinates,21,1,0.4
SetTextureCoordinates,22,1,0.2
SetTextureCoordinates,23,1,0
;右レ?ル,,,
CreateMeshBuilder,,,
AddVertex,0.752,-0.1011209,0
AddVertex,0.877,-0.1011209,5
AddVertex,0.9395,-0.1011209,10
AddVertex,0.9395,-0.1011209,15
AddVertex,0.877,-0.1011209,20
AddVertex,0.752,-0.1011209,25
AddVertex,0.752,0.0428791,0
AddVertex,0.877,0.0428791,5
AddVertex,0.9395,0.0428791,10
AddVertex,0.9395,0.0428791,15
AddVertex,0.877,0.0428791,20
AddVertex,0.752,0.0428791,25
AddVertex,0.684,0.038035614,0
AddVertex,0.809,0.038035614,5
AddVertex,0.8715,0.038035614,10
AddVertex,0.8715,0.038035614,15
AddVertex,0.809,0.038035614,20
AddVertex,0.684,0.038035614,25,
AddVertex,0.684,-0.105964386,0,
AddVertex,0.809,-0.105964386,5,
AddVertex,0.8715,-0.105964386,10,
AddVertex,0.8715,-0.105964386,15,
AddVertex,0.809,-0.105964386,20,
AddVertex,0.684,-0.105964386,25,
AddFace,0,6,7,1
AddFace,1,7,8,2
AddFace,2,8,9,3
AddFace,3,9,10,4
AddFace,4,10,11,5
AddFace,6,12,13,7
AddFace,7,13,14,8
AddFace,8,14,15,9
AddFace,9,15,16,10
AddFace,10,16,17,11
AddFace,12,18,19,13
AddFace,13,19,20,14
AddFace,14,20,21,15
AddFace,15,21,22,16
AddFace,16,22,23,17
SetColor,40,40,40,
GenerateNormals,,,,
LoadTexture,Rail2.bmp,,,
SetTextureCoordinates,0,0,1.5,
SetTextureCoordinates,1,0,1.3,
SetTextureCoordinates,2,0,1.1,
SetTextureCoordinates,3,0,0.9,
SetTextureCoordinates,4,0,0.7,
SetTextureCoordinates,5,0,0.5,
SetTextureCoordinates,6,0.375,1.5,
SetTextureCoordinates,7,0.375,1.3
SetTextureCoordinates,8,0.375,1.1
SetTextureCoordinates,9,0.375,0.9
SetTextureCoordinates,10,0.375,0.7
SetTextureCoordinates,11,0.375,0.5
SetTextureCoordinates,12,0.625,1.5
SetTextureCoordinates,13,0.625,1.3
SetTextureCoordinates,14,0.625,1.1
SetTextureCoordinates,15,0.625,0.9
SetTextureCoordinates,16,0.625,0.7
SetTextureCoordinates,17,0.625,0.5
SetTextureCoordinates,18,1,1.5
SetTextureCoordinates,19,1,1.3
SetTextureCoordinates,20,1,1.1
SetTextureCoordinates,21,1,0.9
SetTextureCoordinates,22,1,0.7
SetTextureCoordinates,23,1,0.5,

;架線 ////////////////////,,,,
CreateMeshBuilder,,,,
AddVertex,0.012,5.1,0,
AddVertex,0.012,5.1,25.2,
AddVertex,-0.012,5.1,25.2,
AddVertex,-0.012,5.1,0,
AddFace2,0,1,2,3
SetColor,20,20,20,
GenerateNormals,,,,

CreateMeshBuilder,,,,
AddVertex,0,4.75,25,
AddVertex,0,4.75,0,
AddVertex,0,4.71,0,
AddVertex,0,4.71,25,
AddFace2,0,1,2,3
SetColor,20,20,20,
GenerateNormals,,,,
CreateMeshBuilder,,,,
AddVertex,-0.01,4.7,0,
AddVertex,0.01,4.7,0,
AddVertex,-0.01,4.7,25,
AddVertex,0.01,4.7,25,
AddFace,0,1,3,2
SetColor,20,20,20,
GenerateNormals,,,,

CreateMeshBuilder,,,,
Cylinder,4,0.04,0.04,0.1
Translate,-0.3,5.25,0,
SetColor,20,20,20,
GenerateNormals,,,,
CreateMeshBuilder,,,,
Cylinder,4,0.04,0.04,0.1
Translate,0.3,5.25,0,
SetColor,20,20,20,
GenerateNormals,,,,
CreateMeshBuilder,,,,
AddVertex,-0.33,5.19,0.03,
AddVertex,-0.33,5.19,-0.03,
AddVertex,0.33,5.19,-0.03,
AddVertex,0.33,5.19,0.03,
AddFace,0,1,2,3
SetColor,20,20,20,
GenerateNormals,,,,
CreateMeshBuilder,,,,
Cylinder,4,0.03,0.03,0.3
Translate,0,5.03,0,
SetColor,20,20,20,
GenerateNormals,,,,
CreateMeshBuilder,,,,
AddVertex,-0.05,4.87,0.05,
AddVertex,-0.05,4.87,-0.05,
AddVertex,0.05,4.87,-0.05,
AddVertex,0.05,4.87,0.05,
AddVertex,-0.06,4.81,0.06,
AddVertex,-0.06,4.81,-0.06,
AddVertex,0.06,4.81,-0.06,
AddVertex,0.06,4.81,0.06,
AddFace,0,1,2,3
AddFace2,0,1,5,4
AddFace2,6,7,3,2
SetColor,20,20,20,
GenerateNormals,,,,
CreateMeshBuilder,,,,
Cylinder,4,0.08,0.08,0.06
Translate,0,4.78,0,
SetColor,20,20,20,
GenerateNormals,,,,

CreateMeshBuilder,,,,
Cylinder,4,0.04,0.04,0.1
Translate,-0.3,5.25,6.25,
SetColor,20,20,20,
GenerateNormals,,,,
CreateMeshBuilder,,,,
Cylinder,4,0.04,0.04,0.1
Translate,0.3,5.25,6.25,
SetColor,20,20,20,
GenerateNormals,,,,
CreateMeshBuilder,,,,
AddVertex,-0.33,5.19,0.03,
AddVertex,-0.33,5.19,-0.03,
AddVertex,0.33,5.19,-0.03,
AddVertex,0.33,5.19,0.03,
AddFace,0,1,2,3
Translate,0,0,6.25,
SetColor,20,20,20,
GenerateNormals,,,,
CreateMeshBuilder,,,,
Cylinder,4,0.03,0.03,0.3
Translate,0,5.03,6.25,
SetColor,20,20,20,
GenerateNormals,,,,
CreateMeshBuilder,,,,
AddVertex,-0.05,4.87,0.05,
AddVertex,-0.05,4.87,-0.05,
AddVertex,0.05,4.87,-0.05,
AddVertex,0.05,4.87,0.05,
AddVertex,-0.06,4.81,0.06,
AddVertex,-0.06,4.81,-0.06,
AddVertex,0.06,4.81,-0.06,
AddVertex,0.06,4.81,0.06,
AddFace,0,1,2,3
AddFace2,0,1,5,4
AddFace2,6,7,3,2
Translate,0,0,6.25,
SetColor,20,20,20,
GenerateNormals,,,,
CreateMeshBuilder,,,,
Cylinder,4,0.08,0.08,0.06
Translate,0,4.78,6.25,
SetColor,20,20,20,
GenerateNormals,,,,

CreateMeshBuilder,,,,
Cylinder,4,0.04,0.04,0.1
Translate,-0.3,5.25,13,
SetColor,20,20,20,
GenerateNormals,,,,
CreateMeshBuilder,,,,
Cylinder,4,0.04,0.04,0.1
Translate,0.3,5.25,13,
SetColor,20,20,20,
GenerateNormals,,,,
CreateMeshBuilder,,,,
AddVertex,-0.33,5.19,0.03,
AddVertex,-0.33,5.19,-0.03,
AddVertex,0.33,5.19,-0.03,
AddVertex,0.33,5.19,0.03,
AddFace,0,1,2,3
Translate,0,0,13,
SetColor,20,20,20,
GenerateNormals,,,,
CreateMeshBuilder,,,,
Cylinder,4,0.03,0.03,0.3
Translate,0,5.03,13,
SetColor,20,20,20,
GenerateNormals,,,,
CreateMeshBuilder,,,,
AddVertex,-0.05,4.87,0.05,
AddVertex,-0.05,4.87,-0.05,
AddVertex,0.05,4.87,-0.05,
AddVertex,0.05,4.87,0.05,
AddVertex,-0.06,4.81,0.06,
AddVertex,-0.06,4.81,-0.06,
AddVertex,0.06,4.81,-0.06,
AddVertex,0.06,4.81,0.06,
AddFace,0,1,2,3
AddFace2,0,1,5,4
AddFace2,6,7,3,2
Translate,0,0,13,
SetColor,20,20,20,
GenerateNormals,,,,
CreateMeshBuilder,,,,
Cylinder,4,0.08,0.08,0.06
Translate,0,4.78,13,
SetColor,20,20,20,
GenerateNormals,,,,

CreateMeshBuilder,,,,
Cylinder,4,0.04,0.04,0.1
Translate,-0.3,5.25,18.75,
SetColor,20,20,20,
GenerateNormals,,,,
CreateMeshBuilder,,,,
Cylinder,4,0.04,0.04,0.1
Translate,0.3,5.25,18.75,
SetColor,20,20,20,
GenerateNormals,,,,
CreateMeshBuilder,,,,
AddVertex,-0.33,5.19,0.03,
AddVertex,-0.33,5.19,-0.03,
AddVertex,0.33,5.19,-0.03,
AddVertex,0.33,5.19,0.03,
AddFace,0,1,2,3
Translate,0,0,18.75,
SetColor,20,20,20,
GenerateNormals,,,,
CreateMeshBuilder,,,,
Cylinder,4,0.03,0.03,0.3
Translate,0,5.03,18.75,
SetColor,20,20,20,
GenerateNormals,,,,
CreateMeshBuilder,,,,
AddVertex,-0.05,4.87,0.05,
AddVertex,-0.05,4.87,-0.05,
AddVertex,0.05,4.87,-0.05,
AddVertex,0.05,4.87,0.05,
AddVertex,-0.06,4.81,0.06,
AddVertex,-0.06,4.81,-0.06,
AddVertex,0.06,4.81,-0.06,
AddVertex,0.06,4.81,0.06,
AddFace,0,1,2,3
AddFace2,0,1,5,4
AddFace2,6,7,3,2
Translate,0,0,18.75,
SetColor,20,20,20,
GenerateNormals,,,,
CreateMeshBuilder,,,,
Cylinder,4,0.08,0.08,0.06
Translate,0,4.78,18.75,
SetColor,20,20,20,
GenerateNormals,,,,
