;âÀê¸íå,,,
CreateMeshBuilder,,,
AddVertex,-3.5,7.7,0.05
AddVertex,-3.2,7.7,0.05
AddVertex,-3.2,-0.45,-0.15
AddVertex,-3.5,-0.45,-0.15
AddVertex,-3.2,7.7,-0.05
AddVertex,-3.2,-0.45,0.15
AddVertex,-3.5,7.7,-0.05
AddVertex,-3.5,-0.45,0.15
AddVertex,7,7.7,-0.05
AddVertex,7.3,7.7,-0.05
AddVertex,7.3,-0.45,-0.15
AddVertex,7,-0.45,-0.15
AddVertex,7.3,7.7,0.05
AddVertex,7.3,-0.45,0.15
AddVertex,7,7.7,0.05,
AddVertex,7,-0.45,0.15,
AddVertex,-3.5,6,0.05,
AddVertex,-3.2,6,0.05,
AddVertex,-3.5,6,-0.05,
AddVertex,-3.2,6,-0.05,
AddVertex,7,6,0.05,
AddVertex,7.3,6,0.05,
AddVertex,7,6,-0.05,
AddVertex,7.3,6,-0.05,
AddFace2,0,1,17,16
AddFace2,16,17,5,7
AddFace2,17,19,2,5
AddFace2,6,4,19,18
AddFace2,18,19,2,3
AddFace2,16,18,3,7
AddFace2,8,9,23,22
AddFace2,22,23,10,11
AddFace2,23,21,13,10
AddFace2,14,12,21,20
AddFace2,20,21,13,15
AddFace2,22,20,15,11
GenerateNormals,,,,
LoadTexture,pole2.bmp,,,
SetTextureCoordinates,0,1,0,
SetTextureCoordinates,1,0,0,
SetTextureCoordinates,2,1,10,
SetTextureCoordinates,3,0,10,
SetTextureCoordinates,4,1,0,
SetTextureCoordinates,5,0,10,
SetTextureCoordinates,6,0,0,
SetTextureCoordinates,7,1,10,
SetTextureCoordinates,8,0,0
SetTextureCoordinates,9,1,0
SetTextureCoordinates,10,1,10
SetTextureCoordinates,11,0,10
SetTextureCoordinates,12,0,0
SetTextureCoordinates,13,0,10
SetTextureCoordinates,14,1,0
SetTextureCoordinates,15,1,10
SetTextureCoordinates,16,1,3
SetTextureCoordinates,17,0,3
SetTextureCoordinates,18,0,3
SetTextureCoordinates,19,1,3
SetTextureCoordinates,20,1,3
SetTextureCoordinates,21,0,3
SetTextureCoordinates,22,0,3
SetTextureCoordinates,23,1,3
SetDecalTransparentColor,255,255,255,

;âÀê¸íåâ°,,,,
CreateMeshBuilder,,,,
AddVertex,-3.2,6.7,0,
AddVertex,7,6.7,0,
AddVertex,7,6.2,0,
AddVertex,-3.2,6.2,0,
AddFace,0,1,2,3
GenerateNormals,,,,
LoadTexture,pole2.bmp,,,
SetTextureCoordinates,0,0,1,
SetTextureCoordinates,1,0,11,
SetTextureCoordinates,2,1,11,
SetTextureCoordinates,3,1,1,
SetDecalTransparentColor,255,255,255,

;âÀê¸íåë§ñ ,,,,,
CreateMeshBuilder,,,,,
AddVertex,-3.5,6.7,-0.06,,
AddVertex,-2.9,6.7,-0.06,,
AddVertex,-2.9,6.2,-0.06,,
AddVertex,-3.2,6,-0.06,,
AddVertex,-3.5,6,-0.06,,
AddVertex,6.7,6.7,-0.06,,
AddVertex,7.3,6.7,-0.06,,
AddVertex,7.3,6,-0.06,,
AddVertex,7,6,-0.06,,
AddVertex,6.7,6.2,-0.06,,
AddFace,0,1,2,3,4
AddFace,5,6,7,8,9
GenerateNormals,,,,,
LoadTexture,pole2.bmp,,
SetTextureCoordinates,0,0,0
SetTextureCoordinates,1,0,0.01
SetTextureCoordinates,2,0.01,0.01
SetTextureCoordinates,3,0.01,0.01
SetTextureCoordinates,4,0.01,0.01
SetTextureCoordinates,5,0,0
SetTextureCoordinates,6,0,0.01
SetTextureCoordinates,7,0.01,0.01
SetTextureCoordinates,8,0.01,0.01
SetTextureCoordinates,9,0.01,0.01

;ìyë‰,,,
CreateMeshBuilder,,,
Cube,0.3,0.6,0.3
Translate,-3.35,-1.05,0
SetColor,150,150,150

CreateMeshBuilder,,,
Cube,0.3,0.6,0.3
Translate,7.15,-1.05,0
SetColor,150,150,150
