;;PSD;;
CreateMeshBuilder,
AddVertex,1.95, 1, 25,
AddVertex,1.95, 5, 25,
AddVertex,1.95, 5, -0.1,
AddVertex,1.95, 1, -0.1,
AddFace,0, 3, 2, 1,
GenerateNormals,
LoadTexture,psd_L(1).png,
SetTextureCoordinates,0, 0, 1,
SetTextureCoordinates,1, 0, 0,
SetTextureCoordinates,2, 1, 0,
SetTextureCoordinates,3, 1, 1,
SetDecalTransparentColor,0,0,255,

CreateMeshBuilder,
AddVertex,1.9, 1, 25,
AddVertex,1.9, 5, 25,
AddVertex,1.9, 5, -0.1,
AddVertex,1.9, 1, -0.1,
AddFace,0, 1, 2, 3,
GenerateNormals,
LoadTexture,psd_R(2).png,
SetTextureCoordinates,0, 0, 1,
SetTextureCoordinates,1, 0, 0,
SetTextureCoordinates,2, 1, 0,
SetTextureCoordinates,3, 1, 1,
SetDecalTransparentColor,0,0,255,

;;Pole;;
CreateMeshBuilder,
AddVertex,1.9,  3.7,1.065,
AddVertex,1.9,  1,1.065,
AddVertex,1.99,  1,1.065,
AddVertex,1.99, 3.7,1.065,
AddFace2,0,1,2,3,
Setcolor ;0;0;0;

CreateMeshBuilder,
AddVertex,1.9, 3.7,6.04,
AddVertex,1.9,  1,6.04,
AddVertex,1.99,  1,6.04,
AddVertex,1.99, 3.7,6.04,
AddFace2,0,1,2,3,
Setcolor ;0;0;0;

CreateMeshBuilder,
AddVertex,1.9,  3.7,11.015,
AddVertex,1.9,  1,11.015,
AddVertex,1.99,  1,11.015,
AddVertex,1.99, 3.7,11.015,
AddFace2,0,1,2,3,
Setcolor ;0;0;0;

CreateMeshBuilder,
AddVertex,1.9, 3.7,15.99,
AddVertex,1.9,  1,15.99,
AddVertex,1.99,  1,15.99,
AddVertex,1.99, 3.7,15.99,
AddFace2,0,1,2,3,
Setcolor ;0;0;0;

CreateMeshBuilder,
AddVertex,1.9, 3.7,20.97,
AddVertex,1.9,  1,20.97,
AddVertex,1.99,  1,20.97,
AddVertex,1.99, 3.7,20.97,
AddFace2,0,1,2,3,
Setcolor ;0;0;0;

;PSD Door 1 transparent object,

CreateMeshBuilder,
AddVertex,	1.915, 1.0, 1.12,
AddVertex,	1.915, 3.6, 1.12,
AddVertex,	1.915, 3.6, 2.3,
AddVertex,	1.915, 1.0, 2.3,
AddFace2,	0,1,2,3,
GenerateNormals,
SetColor,	0, 0, 0, 30

;PSD Door 2 transparent object,
CreateMeshBuilder,
AddVertex,	1.915, 1.0, 6.05,
AddVertex,	1.915, 3.6, 6.05,
AddVertex,	1.915, 3.6, 7.2,
AddVertex,	1.915, 1.0, 7.2,
AddFace2,	0,1,2,3,
GenerateNormals,
SetColor,	0, 0, 0, 30

;PSD Door 3 transparent object,
CreateMeshBuilder,
AddVertex,	1.915, 1.0, 11.04,
AddVertex,	1.915, 3.6, 11.04,
AddVertex,	1.915, 3.6, 12.23,
AddVertex,	1.915, 1.0, 12.23,
AddFace2,	0,1,2,3,
GenerateNormals,
SetColor,	0, 0, 0, 30

;PSD Door 4 transparent object,
CreateMeshBuilder,
AddVertex,	1.915, 1.0, 16.04,
AddVertex,	1.915, 3.6, 16.04,
AddVertex,	1.915, 3.6, 17.20,
AddVertex,	1.915, 1.0, 17.20,
AddFace2,	0,1,2,3,
GenerateNormals,
SetColor,	0, 0, 0, 30

;PSD Door 5 transparent object,
CreateMeshBuilder,
AddVertex,	1.915, 1.0, 20.97,
AddVertex,	1.915, 3.6, 20.97,
AddVertex,	1.915, 3.6, 22.19,
AddVertex,	1.915, 1.0, 22.19,
AddFace2,	0,1,2,3,
GenerateNormals,
SetColor,	0, 0, 0, 30

;;Pole Door,
CreateMeshBuilder,
AddVertex,1.95, 1, 2.29,
AddVertex,1.95, 3.5, 2.29,
AddVertex,1.9, 3.7, 2.29,
AddVertex,1.9, 1, 2.29,
AddFace,0, 1, 2, 3,
setcolor ,0;0;0, 

CreateMeshBuilder,
AddVertex,1.95, 1, 7.2499,
AddVertex,1.95, 3.7, 7.2499,
AddVertex,1.9, 3.7, 7.2499,
AddVertex,1.9, 1, 7.2499,
AddFace,0, 1, 2, 3,
setcolor ,0;0;0, 

CreateMeshBuilder,
AddVertex,1.95, 1, 12.2439,
AddVertex,1.95, 3.7, 12.2439,
AddVertex,1.9, 3.7, 12.2439,
AddVertex,1.9, 1, 12.2439,
AddFace,0, 1, 2, 3,
setcolor ,0;0;0, 

CreateMeshBuilder,
AddVertex,1.95, 1, 17.219,
AddVertex,1.95, 3.7, 17.219,
AddVertex,1.9, 3.7, 17.219,
AddVertex,1.9, 1, 17.219,
AddFace,0, 1, 2, 3,
setcolor ,0;0;0, 

CreateMeshBuilder,
AddVertex,1.95, 1, 22.189,
AddVertex,1.95, 3.7, 22.189,
AddVertex,1.9, 3.7, 22.189,
AddVertex,1.9, 1, 22.189,
AddFace,0, 1, 2, 3,
setcolor ,0;0;0, 
